ID,priority,description,code,tests,documentation,evidence,status,gap/owner
FR-01,M,"Application native ouvre les huit destinations, restaure une navigation définie et fournit états chargement/vide/erreur/accès limité/annulé. Contrats UI et parcours fonctionnels vérifiés.",Sources/AppShell/Destination.swift; Sources/CoreTendApp/CoreTendApp.swift,Tests/AppShellTests/AppShellTests.swift,Documentation/UserGuide.md; Documentation/Accessibility.md,"Revue du registre 2026-09-27; AppShell contract covers all eight unique destinations, route mapping, valid restoration and fallback for missing/obsolete preference. Native window launch/state/accessibility traversal remain unqualified.",PARTIEL,Engineering
FR-02,M,Scan ne peut invoquer aucune primitive d’écriture fichier. Tests de contrat prouvent absence de mutation sur fixtures et annulation bornée.,Sources/ScanCore/ScanCore.swift; Package.swift; Scripts/audit_safety.py,Tests/ScanCoreTests/ScanCoreTests.swift,Documentation/UserGuide.md,"Revue du registre 2026-09-27; Fixture tree snapshot before/after scan; static audit rejects filesystem mutation APIs and SafetyCore/Persistence dependencies in ScanCore. Blocking fixture cancels consumer during first metadata read, then proves no second file read, no finished event, and unchanged tree. Native UI cancellation remains unqualified.",PARTIEL,Engineering
FR-03,M,"Chaque résultat expose source/règle, mesures connues, limites et état. Valeur absente demeure inconnue; test de copy interdit claims de santé/espace récupéré.",Sources/Domain/SystemSnapshot.swift; Sources/CoreTendApp/SystemSnapshotView.swift; Sources/AppShell/Destination.swift,Tests/DomainTests/DomainTests.swift; Tests/AppShellTests/AppShellTests.swift,Documentation/ThreatModel.md; Documentation/UserGuide.md,Revue du registre 2026-09-27; Chaque métrique Performance affiche son API/source macOS et mesure de volume concerne `/`; valeur manquante reste Inconnu. Catalogue EN/FR teste sources et rejette formulations affirmatives répertoriées sur santé système/espace récupéré; observations déclarées non diagnostiques. Qualification UI native reste ouverte.,PARTIEL,Engineering
FR-04,M,Exclusions persistantes modifient réellement périmètre; chemins utilisateur ne deviennent jamais cibles implicites. Tests relance et limites de chemin.,Sources/Persistence/SQLiteStore.swift; Sources/CoreTendApp/SettingsView.swift; Sources/CoreTendApp/ExploreScanView.swift; Sources/CoreTendApp/DuplicateScanView.swift; Sources/CoreTendApp/CleanupView.swift,Tests/PersistenceTests/PersistenceTests.swift; Tests/ScanCoreTests/ScanCoreTests.swift,Documentation/UserGuide.md,"Revue du registre 2026-09-27; Temporary store test writes normalized unique exclusions, releases the store, reopens same URL and reads persisted values; scan fixture proves excluded root and subtree remain outside result set. Native Settings persistence flow remains unqualified.",PARTIEL,Engineering
FR-05,M,Chaque déplacement vers Trash provient d’une sélection revue et confirmation explicite; autorisation typée et validation répétée à exécution. Le seul adapter production appelle API Trash macOS.,Sources/SafetyCore/SafetyCore.swift; Sources/Domain/FileActionService.swift; Sources/CoreTendApp/CleanupView.swift; Sources/CoreTendApp/DuplicateScanView.swift; Sources/CoreTendApp/ApplicationsView.swift,Tests/SafetyCoreTests/SafetyCoreTests.swift; Tests/DomainTests/DomainTests.swift,Documentation/ThreatModel.md,"2026-09-27: Fake Trash fixtures prove reviewed, confirmed and revalidated actions pass through SafetyCore; production `trashItem` adapter remains unique to SafetyCore. Native confirmation and real macOS Trash are not qualified.",PARTIEL,Engineering
FR-06,M,"Événements de proposition, refus, annulation, succès et échec restent distincts, consultables, durables selon contrat; échec de Trash laisse original intact et journalise erreur.",Sources/Persistence/SQLiteStore.swift; Sources/Domain/FileActionService.swift; Sources/CoreTendApp/RecordView.swift; Sources/AppShell/Destination.swift,Tests/PersistenceTests/PersistenceTests.swift; Tests/DomainTests/DomainTests.swift; Tests/AppShellTests/AppShellTests.swift,Documentation/Progress.md,"Revue du registre 2026-09-27; Fixture app avec Trash synthétique en échec : bundle intact; événements SQLite proposed/approved/failed distincts; schéma v5 conserve détail et export à quatre champs; failure_code=trash_failed est distinct et seulement pour échec Trash. Tests Persistence/Domain/AppShell : v4 migré sans inférence, code durable, présentation EN/FR pilotée par le code; chemins non failed et failed sans code inchangés. Parcours UI natif et Trash macOS à qualifier",PARTIEL,Engineering
FR-07,M,Duplicates identifie copies exactes et propose paires visuellement proches comme candidates consultatives; un survivant minimum reste invariant pour copies exactes.,Sources/ScanCore/DuplicateEngine.swift; Sources/ScanCore/SimilarImageEngine.swift; Sources/CoreTendApp/DuplicateScanView.swift,Tests/ScanCoreTests/ScanCoreTests.swift,Documentation/UserGuide.md,"Revue du registre 2026-09-27; DuplicateEngine fixtures find exact copies, choose a stable keeper, exclude hard links, and reject symlink candidates. Domain tests reject explicit keeper selection and simulate keeper removal after first Trash move in a multi-copy batch; next move fails identity revalidation, second copy remains, and audit records failure. Narrow race between final keeper check and Trash plus native UI qualification remain open.",PARTIEL,Engineering
FR-08,M,"Treemap/liste reflètent les octets observés et agrègent selon règle explicite; fichier inaccessible, sparse, cloud placeholder et hard link n’inventent pas taille locale.",Sources/ScanCore/ScanCore.swift; Sources/ScanCore/TreemapLayout.swift; Sources/CoreTendApp/ExploreScanView.swift,Tests/ScanCoreTests/ScanCoreTests.swift,Documentation/UserGuide.md,Revue du registre 2026-09-27; Deux tailles libellées EN/FR et groupées pour VoiceOver; qualification UI native et cas sparse/liens physiques/cloud en attente,PARTIEL,Engineering
FR-09,M,Integrity n’affiche que signaux natifs effectivement observés et leurs limites; aucun verdict malware/absence de risque.,Sources/Domain/CodeSignatureInspection.swift; Sources/Domain/QuarantineInspection.swift; Sources/CoreTendApp/IntegrityView.swift,Tests/DomainTests/DomainTests.swift,Documentation/Progress.md,2026-09-27: Local selected-bundle signature and quarantine marker report presence/absence/error with limits; no malware or safety verdict. Fixture tests cover metadata states; native Integrity journey remains unqualified.,PARTIEL,Engineering
FR-10,M,Chaque permission est sondée; refus/absence/indisponibilité distingue absence de menace; parcours propose réglage système pertinent sans boucle coercitive.,Sources/CoreTendApp/SettingsView.swift; Sources/ScanCore/ScanCore.swift; Sources/AppShell/Destination.swift,Tests/ScanCoreTests/ScanCoreTests.swift; Tests/AppShellTests/AppShellTests.swift,Documentation/UserGuide.md; Documentation/Progress.md,Revue du registre 2026-09-27; AppShell test covers bilingual mapping: permission_denied → explicit macOS refusal; metadata_unavailable → availability undetermined; missing → absent. ScanCore retains item-level partial status. No exhaustive TCC/FDA probe or Privacy deep link; native settings flow remains unqualified.,PARTIEL,Engineering
FR-11,M,"Données locales, schéma versionné, transactions et migrations idempotentes v1–v5; fixtures synthétiques préservent contenu, failure_code v5 nullable sans inférence. Collision index v3 prouve rollback et reprise; table incomplète refusée. Backup/restauration SQLite fixture v3 vers fichier séparé : version, événements, préférence et mesures préservés; fixture corrompue refusée sans destination partielle. Aucun test ne lit une vraie base utilisateur.",Sources/Persistence/SQLiteStore.swift,Tests/PersistenceTests/PersistenceTests.swift,Documentation/Project/DataModel.md; Documentation/Project/Migration.md,Revue du registre 2026-09-27; Procédure locale hors ligne documentée; restauration réelle non qualifiée,PARTIEL,Engineering
FR-12,M,"EN/FR couvrent UI, erreurs, site et aides critiques; gate parité de clés/route et revue terminologique.",Sources/AppShell/Destination.swift; Sources/CoreTendApp/RecordView.swift,Tests/AppShellTests/AppShellTests.swift,Website/en/index.html,Revue du registre 2026-09-27; Tests AppShell : parité de clés EN/FR et présentation localisée de failure_code=trash_failed dans Record avec détail complet conservé; chemins terminant comme le suffixe historique et codes inconnus inchangés. Revue terminologique et accessibilité UI native restent à qualifier,PARTIEL,Engineering
FR-13,M,"CLI si présente est lecture seule; aide, règles, chemins user-scoped et erreurs d’argument stables/documentés. Test d’absence d’API mutation/élévation.",Sources/CLIContract/CLICommand.swift; Sources/CoreTendCLI/main.swift; Scripts/test_cli_interrupt.py; Makefile,Tests/CLIContractTests/CLIContractTests.swift; Scripts/test_cli_interrupt.py; swift build -c release --product CoreTendCLI,Documentation/CLI.md; Documentation/UserGuide.md,"Revue du registre 2026-09-27; `Scripts/test_cli_interrupt.py` exercises actual Debug/Release CLI processes: help 0 in EN/FR; malformed/unsupported/missing-store usage 2 with localized errors; explicit unreadable store 1 without creating a file; missing-root JSON partial 2 without creating root; French text issue output; and Control-C during a 50,000-file fixture scan 130 (not signal termination -2). Parser tests cover explicit language placement/validation, localized EN/FR version output, stable JSON reason codes, store-required versus invalid-arguments, and option-looking values. `make qualify` runs Debug process tests. CLI remains local/read-only; broader native qualification remains open.",PARTIEL,Engineering
FR-14,M,Installation locale depuis paquet construit permet ouverture et désinstallation documentée; paquet ne cible aucun dossier utilisateur par script d’installation. Vérification en compte HOME temporaire.,Scripts/package_local.sh; Scripts/install_local.sh; Scripts/verify_package.sh; Scripts/test_app_runtime_isolation.py,Scripts/test_install_local.sh; make app-runtime-smoke,Documentation/Install.md,"Revue du registre 2026-09-27; Install smoke verifies bundle installation in a temporary HOME; Release executable wrapped in a temporary .app fixture stays alive for eight seconds and creates SQLite only under explicit isolated test store. This does not verify Finder-visible UI. Signature/notarization, packaged GUI flow, uninstall through Finder and minimum-OS host remain unqualified.",PARTIEL,Engineering: visible macOS GUI and distribution qualification remain.
FR-15,M,"Site statique correspond aux capacités, OS/langues et états réels; aucune URL de release/checksum ne prétend publier artefact inexistant. Build isolé et gate browser/accessibilité.",Scripts/build_site.py; Website/en/features.html; Website/fr/features.html,Scripts/check_site.py,Documentation/Progress.md,"2026-09-27: bilingual static routes, CSP, landmarks and local links pass `Scripts/check_site.py`; browser smoke evidence records Lighthouse/accessibility observations. No release URL/checksum is claimed; all routes/browser/zoom remain unqualified.",PARTIEL,Engineering
FR-16,S,Presets/filtres catégorie réutilisables rendent chaque critère visible et résultats reproductibles.,Sources/CoreTendApp/ExploreScanView.swift; Sources/ScanCore/ScanCore.swift,Tests/ScanCoreTests/ScanCoreTests.swift,Documentation/UserGuide.md; Documentation/Progress.md,,PARTIEL,Engineering
FR-17,S,Cask de package manager seulement généré depuis artefact publié avec checksum vérifié; aucun cask fictif dans cette reconstruction non publiée.,,,,,À_CONSTRUIRE,Engineering
FR-18,C,"Locales supplémentaires, sur demande démontrée et relecture humaine complète.",,,,,À_CONSTRUIRE,Engineering
FR-19,W,"Nettoyage planifié/destructif, purge permanente, vidage Trash, scan malware, cloud sync, assistant privilégié, auto-updater installant.",,,,,À_CONSTRUIRE,Engineering
FR-20,M,"Migration héritée des préférences/données reconnues est copie-seulement, allowlist explicite, idempotente, journalisée, reprend sans fichier partiel trompeur; source historique jamais renommée/modifiée/supprimée. Fixture synthétique: échec de l'insertion du marqueur après les écritures, rollback intégral, source inchangée octet pour octet et reprise complète avec un seul événement. Tests uniquement avec fixtures synthétiques et rollback qui supprime seulement les fichiers créés par cette exécution.",Sources/Persistence/LegacyPreferencesImport.swift; Sources/Persistence/SQLiteStore.swift; Sources/CoreTendApp/SettingsView.swift,Tests/PersistenceTests/PersistenceTests.swift,Documentation/Project/Migration.md,"2026-09-27: synthetic import marker failure rolls back preference/event/ledger writes, preserves source bytes and succeeds on retry once; see `Documentation/Project/Migration.md`. No real legacy store was read.",PARTIEL,Engineering
FR-21,M,"Rapport diagnostic opt-in avec aperçu, redaction vérifiée, export user-chosen; aucun secret, chemin personnel ou contenu de fichier exporté.",Sources/CoreTendApp/SettingsView.swift; Sources/Persistence/SQLiteStore.swift,Tests/PersistenceTests/PersistenceTests.swift,Documentation/ThreatModel.md,Revue du registre 2026-09-27; swift test --filter PersistenceTests (23 tests; allowlist JSON exacte et marqueurs privés synthétiques absents; aperçu/export natif non qualifiés),PARTIEL,Engineering
FR-22,S,"Menu bar optionnelle, échantillonne uniquement quand visible, montre mesures réelles et dernière activité; arrêt d’échantillonnage à fermeture.",,,,,À_CONSTRUIRE,Engineering
FR-23,S,"Quick Look prévisualise seulement les fichiers retenus dans Explore/Duplicates/Similar Images, jamais dossiers ni action d’écriture.",Sources/CoreTendApp/ExploreScanView.swift; Sources/CoreTendApp/DuplicateScanView.swift,,Documentation/UserGuide.md; Documentation/Progress.md,,PARTIEL,Engineering
FR-24,S,Favoris/récents stockent chemins et dernière taille mesurée; état absent/inaccessible visible; palette clavier navigue vers destinations/actions non destructives sans créer un second routeur.,Sources/Persistence/SQLiteStore.swift; Sources/CoreTendApp/SavedFilesView.swift; Sources/CoreTendApp/ExploreScanView.swift; Sources/CoreTendApp/SettingsView.swift; Sources/CoreTendApp/CommandPaletteView.swift; Sources/AppShell/CommandPalette.swift,Tests/PersistenceTests/PersistenceTests.swift; Tests/AppShellTests/AppShellTests.swift,Documentation/Project/DataModel.md; Documentation/UserGuide.md,,EN_COURS,Engineering
FR-25,M,"La commande d’update indique uniquement qu’une source (App Store/Sparkle) est observée et ouvre sa page déclarée; n’affirme pas qu’une version plus récente existe sans comparaison disponible, ne télécharge/installe rien.",Sources/Domain/ApplicationDiscovery.swift; Sources/CoreTendApp/ApplicationsView.swift,Tests/DomainTests/DomainTests.swift,Documentation/UserGuide.md,Revue du registre 2026-09-27; swift test --filter ApplicationDiscoveryTests (fixtures Info.plist locales; ouverture UI non qualifiée),PARTIEL,Engineering
FR-26,M,"Désinstallation app choisit les seules données associées attribuées avec preuve; aperçu, confirmation et SafetyCore Trash. Les données héritées restent exclues par défaut, incluses opt-in et traitées en dernier; échec laisse l’élément et l’audit distincts.",Sources/Domain/ApplicationDiscovery.swift; Sources/Domain/FileActionService.swift; Sources/CoreTendApp/ApplicationsView.swift,Tests/DomainTests/DomainTests.swift,Documentation/UserGuide.md; Documentation/ThreatModel.md,Revue du registre 2026-09-27; Fixture app découverte puis désinstallation confirmée avec Trash synthétique en échec : bundle préservé et audit proposed/approved/failed avec reason=trash_failed sans erreur brute. Attribution des données associées et parcours UI natif à qualifier,PARTIEL,Engineering
shell.launch,M,Le binaire ouvre une fenêtre SwiftUI avec les huit destinations produit et un accueil de premier lancement EN/FR.,Sources/CoreTendApp/CoreTendApp.swift; Sources/AppShell/Destination.swift; Tests/AppShellTests/AppShellTests.swift; Scripts/test_app_runtime_isolation.py,Tests/AppShellTests/AppShellTests.swift; Scripts/test_app_runtime_isolation.py,README.md,2026-09-27: Release executable stays alive eight seconds in temporary app fixture and initializes only fixture SQLite; eight routes and bilingual copy are contract-tested. Visible window/first-launch sheet remains unqualified.,PARTIEL,Engineering
shell.nav,M,"La barre latérale relie les huit destinations aux routes déclarées; l’identifiant de la dernière destination connue est restauré, une valeur inconnue revient à Vue d’ensemble.",Sources/AppShell/Destination.swift,Tests/AppShellTests/AppShellTests.swift,Documentation/Accessibility.md,2026-09-27: AppShell fixture test maps/restores all eight destinations and falls back to Overview for absent/stale IDs. Runtime process smoke passes; native sidebar interaction and state restoration remain unobserved.,PARTIEL,Engineering
shell.menubar,S,Le menu de la barre système donne un accès rapide aux fonctions principales sans ajouter de destination métier.,,,,,À_CONSTRUIRE,Engineering
shell.onboarding,M,"Le premier lancement explique le choix explicite des dossiers, les scans en lecture seule et les déplacements confirmés vers la Corbeille.",Sources/CoreTendApp/CoreTendApp.swift; Sources/AppShell/Destination.swift,Tests/AppShellTests/AppShellTests.swift,Documentation/UserGuide.md,"2026-09-27: onboarding copy has direct EN/FR tests for chosen folders, local read-only scans, confirmed Trash and no Full Disk Access request. First-launch sheet interaction remains unqualified.",PARTIEL,Engineering
shell.diagnostics,M,"L’export diagnostic est opt-in, aperçu avant destination choisie et limité à des agrégats expurgés.",Sources/CoreTendApp/SettingsView.swift,Tests/PersistenceTests/PersistenceTests.swift,Documentation/ThreatModel.md,"2026-09-27: persistence fixture asserts exact JSON allowlist and absence of synthetic paths, IDs, timestamps, details and filenames. Settings preview/exporter interaction remains unqualified.",PARTIEL,Engineering
ui.commandpalette,S,Palette clavier pour destinations et Réglages via navigation existante.,Sources/CoreTendApp/CoreTendApp.swift; Sources/CoreTendApp/CommandPaletteView.swift; Sources/AppShell/CommandPalette.swift,Tests/AppShellTests/AppShellTests.swift,Documentation/UserGuide.md,Tests du catalogue/recherche/navigation clavier; interaction SwiftUI native non qualifiée,PARTIEL,Engineering
safety.pathvalidator,M,"Les chemins d’action restent sous la racine approuvée; symlink, cible externe, règle inconnue, identité modifiée ou approbation expirée sont refusés.",Sources/SafetyCore/SafetyCore.swift,Tests/SafetyCoreTests/SafetyCoreTests.swift,Documentation/ThreatModel.md,"Revue du registre 2026-09-27; Temporary fixtures reject final target symlink, symlink allowed root, outside-root target, unknown rule, changed target/root identity and expired approval. Known path replacement TOCTOU remains documented; hostile race stress and native action flow remain open.",PARTIEL,Engineering
safety.executiongate,M,"Seule une approbation SafetyCore typée, limitée à la règle/racine/cibles et encore valide peut franchir la porte d’exécution.",Sources/SafetyCore/SafetyCore.swift,Tests/SafetyCoreTests/SafetyCoreTests.swift,Documentation/ThreatModel.md,"2026-09-27: SafetyCore fixtures reject outside root, symlink roots, changed identities and expired approvals before fake Trash; native action journey and hostile race stress remain open.",PARTIEL,Engineering
safety.execute,M,L’exécution revalide l’approbation et déplace les éléments autorisés vers la Corbeille macOS; aucun retrait permanent ni fallback n’existe.,Sources/SafetyCore/SafetyCore.swift,Tests/SafetyCoreTests/SafetyCoreTests.swift,Documentation/ThreatModel.md,"2026-09-27: SafetyCore fixture covers successful fake Trash, preserved source on failure, revalidation and no call after expired/changed approval. Production Trash GUI flow remains unqualified.",PARTIEL,Engineering
safety.auditlog,M,"Le service d’action journalise séparément proposition, approbation, refus, annulation, déplacement et échec dans SQLite.",Sources/Domain/FileActionService.swift; Sources/Persistence/SQLiteStore.swift,Tests/DomainTests/DomainTests.swift,Documentation/Progress.md,"2026-09-27: Domain fixtures assert separate proposed/approved/cancelled/moved/failed events, failed Trash reason and blocking when audit write fails. Native history journey remains unqualified.",PARTIEL,Engineering
spacelens.delete,M,"Déplacement vers la Corbeille des seuls fichiers Explorer réguliers sélectionnés dans un dossier choisi, après revue nom/chemin, confirmation explicite, journal de proposition préalable, identité revalidée et événements de résultat; aucune suppression permanente ni promesse d’espace récupéré.",Sources/CoreTendApp/ExploreScanView.swift; Sources/Domain/FileActionService.swift; Sources/SafetyCore/SafetyCore.swift,Tests/DomainTests/DomainTests.swift; Tests/AppShellTests/AppShellTests.swift,Documentation/UserGuide.md,"Revue du registre 2026-09-27; Domain fixture avec règle scan.explore, fake Trash en échec, source intacte et événements proposed/approved/failed distincts; copy EN/FR et parité vérifiées. Parcours UI natif et Trash réel à qualifier.",PARTIEL,Engineering
scan.engine,M,"Le moteur parcourt une racine/règle explicitement choisie, émet résultats, causes partielles et progression, saute les symlinks et ne modifie pas l’arborescence.",Sources/ScanCore/ScanCore.swift,Tests/ScanCoreTests/ScanCoreTests.swift,Documentation/UserGuide.md,"2026-09-27: ScanCore fixtures cover selected roots, exclusions, partial causes, symlinks, unchanged tree and deterministic cancellation; UI progress/accessibility remains unqualified.",PARTIEL,Engineering
scan.duplicates,M,"Les doublons exacts sont regroupés après comparaison du contenu; un exemplaire déterministe est proposé à conserver, hard links non comptés deux fois.",Sources/ScanCore/DuplicateEngine.swift,Tests/ScanCoreTests/ScanCoreTests.swift,Documentation/UserGuide.md,"2026-09-27: exact-content fixtures group copies, choose one deterministic keeper, and deduplicate hard links; symlinks are rejected. Broader filesystem corpus and native review journey remain open.",PARTIEL,Engineering
scan.similarimages,M,Empreinte visuelle locale dHash 64 bits; limite fichier/volume; paires candidates consultatives sans action de suppression.,Sources/ScanCore/SimilarImageEngine.swift; Sources/CoreTendApp/DuplicateScanView.swift,Tests/ScanCoreTests/ScanCoreTests.swift,Documentation/UserGuide.md,"2026-09-27: synthetic image fixtures exercise local dHash candidate grouping, candidate bounds and symlink refusal; pairs remain consultative. Corpus calibration and native UI remain open.",PARTIEL,Engineering
scan.spacelens,M,L’analyse Explorer expose fichiers et mesures locales/logiques inconnues distinctes pour préparer la vue proportionnelle.,Sources/Domain/SystemSnapshot.swift,Tests/DomainTests/DomainTests.swift,Documentation/Progress.md,"2026-09-27: fixtures distinguish logical from allocated bytes, unknown/cloud-local allocation, and proportional treemap areas; sparse/hard-link/cloud provider coverage and native visual/a11y review remain open.",PARTIEL,Engineering
clutter.largeold,S,Filtres Explorer pour fichiers locaux ≥ 1 Gio et fichiers modifiés il y a au moins 365 jours.,Sources/ScanCore/ScanCore.swift; Sources/CoreTendApp/ExploreScanView.swift,Tests/ScanCoreTests/ScanCoreTests.swift,Documentation/UserGuide.md,Tests des seuils inclusifs et mesures/dates inconnues; interaction SwiftUI native non qualifiée,PARTIEL,Engineering
clutter.duplicates,M,"La destination Doublons présente les groupes exacts et exemplaires suggérés; toute action suit revue, confirmation, revalidation et Corbeille.",Sources/ScanCore/DuplicateEngine.swift,Tests/ScanCoreTests/ScanCoreTests.swift,Documentation/UserGuide.md,"2026-09-27: ScanCore and Domain fixtures cover exact groups, protected keeper, review rejection and keeper loss during a batch. Native review/confirmation and narrow check-to-Trash race remain open.",PARTIEL,Engineering
clutter.similarimages,M,Paires d’images proches exposées dans la destination Doublons après choix explicite d’un dossier.,Tests/ScanCoreTests/ScanCoreTests.swift,Tests/ScanCoreTests/ScanCoreTests.swift,Documentation/UserGuide.md,2026-09-27: ScanCore image fixtures prove pair candidates and safety bounds; no UI action is exposed for similar-image candidates. Native result presentation remains unqualified.,PARTIEL,Engineering
spacelens.view,M,La carte Explore dimensionne les tuiles avec les seuls octets alloués locaux connus; les valeurs inconnues ou non positives ne reçoivent aucune aire.,Sources/ScanCore/TreemapLayout.swift; Sources/CoreTendApp/ExploreScanView.swift,Tests/ScanCoreTests/ScanCoreTests.swift,Documentation/UserGuide.md,"2026-09-27: treemap fixtures prove proportional areas for known allocated bytes and no area for unknown/nonpositive values; native resizing, VoiceOver and sparse/cloud/hard-link behavior remain open.",PARTIEL,Engineering
cloud.detect,M,Indicateur ubiquitaire lu sans téléchargement; taille locale inconnue pour les éléments signalés et taille logique conservée si disponible.,Sources/ScanCore/ScanCore.swift,Tests/ScanCoreTests/ScanCoreTests.swift,Documentation/UserGuide.md,Revue du registre 2026-09-27; Fixture d’injection et fichier local vérifient la classification et la préservation des octets; File Provider et comportement cloud réel restent non qualifiés.,PARTIEL,Engineering
cleanup.usercaches,M,La règle Caches examine seulement la racine sélectionnée sous `Library/Caches`; le scan ne retire rien avant revue et confirmation.,Sources/ScanCore/CleanupRuleCatalog.swift; Sources/CoreTendApp/CleanupView.swift,Tests/ScanCoreTests/ScanCoreTests.swift,Documentation/UserGuide.md,2026-09-27: `testSevenCleanupRulesStayScopedUnderInjectedHome` exercises selected-root rule boundaries in temporary fixtures; no scan mutation occurs. Native selection/review flow remains unqualified.,PARTIEL,Engineering
cleanup.userlogs,M,La règle Logs examine seulement la racine sélectionnée et exclut les rapports de diagnostic traités par leur règle dédiée.,Sources/ScanCore/CleanupRuleCatalog.swift; Sources/CoreTendApp/CleanupView.swift,Tests/ScanCoreTests/ScanCoreTests.swift,Documentation/UserGuide.md,2026-09-27: temporary fixture test covers rule scoping and diagnostics separation; no scan mutation occurs. Native selection/review flow remains unqualified.,PARTIEL,Engineering
cleanup.crashreports,M,La règle Rapports de crash ne retient que les extensions `.crash` et `.ips` sous la racine sélectionnée.,Sources/ScanCore/CleanupRuleCatalog.swift; Sources/CoreTendApp/CleanupView.swift,Tests/ScanCoreTests/ScanCoreTests.swift,Documentation/UserGuide.md,2026-09-27: temporary fixture test covers selected-root scoping across cleanup categories; `.crash`/`.ips` candidate filtering remains code-covered but native review is unqualified.,PARTIEL,Engineering
cleanup.xcodederiveddata,M,La règle DerivedData examine la racine sélectionnée `Library/Developer/Xcode/DerivedData`; aucun candidat n’est supprimé par le scan.,Sources/ScanCore/CleanupRuleCatalog.swift; Sources/CoreTendApp/CleanupView.swift,Tests/ScanCoreTests/ScanCoreTests.swift,Documentation/UserGuide.md,2026-09-27: temporary fixture test covers selected-root Xcode DerivedData rule scoping; no candidate is moved during scan. Native selection/review flow remains unqualified.,PARTIEL,Engineering
cleanup.incompletedownloads,M,La règle Téléchargements incomplets ne retient que les fichiers `.download` sous la racine sélectionnée.,Sources/ScanCore/CleanupRuleCatalog.swift; Sources/CoreTendApp/CleanupView.swift,Tests/ScanCoreTests/ScanCoreTests.swift,Documentation/UserGuide.md,2026-09-27: dedicated fixture test returns only `.download` partials; seven-rule scoping test covers selected roots. Native selection/review flow remains unqualified.,PARTIEL,Engineering
cleanup.xcodedevicesupport,M,La règle Xcode Device Support est explicitement identifiée risque moyen; sa racine est choisie par l’utilisateur et aucun fichier n’est retiré au scan.,Sources/ScanCore/CleanupRuleCatalog.swift; Sources/CoreTendApp/CleanupView.swift,Tests/ScanCoreTests/ScanCoreTests.swift,Documentation/UserGuide.md,2026-09-27: temporary fixture test covers selected-root Device Support rule; risk level remains visible in catalog. Native selection/review flow remains unqualified.,PARTIEL,Engineering
cleanup.iosbackups,M,La règle Sauvegardes iOS est identifiée risque élevé; sa racine est choisie par l’utilisateur et aucun fichier n’est retiré au scan.,Sources/ScanCore/CleanupRuleCatalog.swift; Sources/CoreTendApp/CleanupView.swift,Tests/ScanCoreTests/ScanCoreTests.swift,Documentation/UserGuide.md,2026-09-27: temporary fixture test covers selected-root iOS backup rule; high-risk label remains visible in catalog. Native selection/review flow remains unqualified.,PARTIEL,Engineering
integrity.provenance,M,Présence du marqueur de quarantaine macOS sur le bundle choisi; absence ou erreur distinctes; provenance réelle non prouvée.,Sources/Domain/QuarantineInspection.swift; Sources/CoreTendApp/IntegrityView.swift,Tests/DomainTests/DomainTests.swift,Documentation/UserGuide.md,2026-09-27: synthetic bundle test distinguishes quarantine marker presence and absence without reading its value; errors remain separate. This is not proof of download provenance or safety; native view remains unqualified.,PARTIEL,Engineering
integrity.codesign,M,"Integrity demande une app choisie et affiche le résultat de validation locale de sa signature, son identifiant/équipe si disponibles, sans verdict antivirus.",Sources/Domain/CodeSignatureInspection.swift; Sources/CoreTendApp/IntegrityView.swift,Tests/DomainTests/DomainTests.swift,Documentation/ThreatModel.md,2026-09-27: signature report test covers state and optional identifier/team fields; UI wording states limits and never gives malware verdict. Native Security.framework results on selected real bundles remain unqualified.,PARTIEL,Engineering
integrity.loginitems,M,Revue locale et consultative des fichiers plist directement présents dans un dossier LaunchAgents explicitement choisi; candidats configurés et erreurs de lecture distincts; aucune inspection du service de lancement ni action de modification.,Sources/Domain/LaunchAgentInspection.swift; Sources/CoreTendApp/IntegrityView.swift,Tests/DomainTests/DomainTests.swift,Documentation/UserGuide.md,"Revue du registre 2026-09-27; Fixtures plist couvrent champs configurés, malformé/surdimensionné, liens symboliques, limite de candidats et race de remplacement de racine via lecture openat. Limites d’accès sécurité et service de lancement à qualifier manuellement.",PARTIEL,Engineering
perf.metrics,M,Mesures locales datées dont charge système sur une minute; historique SQLite borné et points connus sans interpolation; effacement manuel confirmé des relevés.,Sources/Domain/SystemSnapshot.swift; Sources/Persistence/PerformanceSample.swift; Sources/Persistence/SQLiteStore.swift; Sources/CoreTendApp/SystemSnapshotView.swift,Tests/DomainTests/DomainTests.swift; Tests/PersistenceTests/PersistenceTests.swift,Documentation/Project/DataModel.md; Documentation/UserGuide.md,"2026-09-27: fixtures cover known/unknown metrics, local SQLite history retention and manual clear while preserving other data; chart selects measured points without interpolation. Native refresh/accessibility remains unqualified.",PARTIEL,Engineering
apps.discovery,M,Applications inventorie les bundles `.app` directement présents dans le dossier d’applications explicitement choisi.,Sources/Domain/ApplicationDiscovery.swift; Sources/CoreTendApp/ApplicationsView.swift,Tests/DomainTests/DomainTests.swift,Documentation/Progress.md,"2026-09-27: temporary bundle fixtures cover top-level discovery, missing/malformed metadata and symlink refusal; no implicit application directory is scanned. Native picker flow remains unqualified.",PARTIEL,Engineering
apps.leftovers,M,Recherche consultative limitée à un dossier choisi; correspondance exacte de l’identifiant bundle; appartenance non confirmée et aucune action disponible.,Sources/CoreTendApp/ApplicationsView.swift; Sources/Domain/ApplicationAssociationMatcher.swift; Sources/ScanCore/ScanCore.swift,Tests/DomainTests/DomainTests.swift,Documentation/UserGuide.md,2026-09-27: matcher tests accept only exact bundle-ID path component or filename stem; UI labels matches as unverified and offers no action. Ownership attribution remains unavailable by design.,PARTIEL,Engineering
apps.updates,M,Flux SUFeedURL local déclaré et lien HTTPS explicite; aucune version comparée ni source App Store vérifiée.,Tests/DomainTests/DomainTests.swift,Tests/DomainTests/DomainTests.swift,Documentation/UserGuide.md,"2026-09-27: local Info.plist fixtures cover absent, valid HTTPS, malformed, non-HTTPS, credential-bearing, control/space and oversized feeds; no network fetch/version comparison occurs. App Store page discovery and native link opening remain unqualified.",PARTIEL,Engineering
activity.log,M,"Événements d’activité typés stockés localement dans SQLite, ordonnés par date, avec détails et failure_code nullable séparé.",Sources/Persistence/SQLiteStore.swift,Tests/PersistenceTests/PersistenceTests.swift,Documentation/Project/DataModel.md,"Revue du registre 2026-09-27; Fixtures vérifient insertion, ordre chronologique, migration, failure_code et nettoyage borné aux événements; UI native reste non qualifiée.",PARTIEL,Engineering
activity.grouping,M,"Historique groupe par date locale et filtre tous/7 jours/30 jours calendaires ainsi que type; ordre décroissant, borne de date incluse.",Sources/Domain/ActivityHistoryGrouping.swift; Sources/CoreTendApp/RecordView.swift,Tests/DomainTests/DomainTests.swift; Tests/AppShellTests/AppShellTests.swift,Documentation/UserGuide.md,"Revue du registre 2026-09-27; Tests déterministes vérifient borne inclusive, filtre de type, ordre des groupes et copie EN/FR. Parcours SwiftUI natif reste non qualifié.",PARTIEL,Engineering
activity.jsonexport,M,Exports JSON/CSV couvrent les mêmes filtres de type et période affichés dans Historique.,Sources/Persistence/SQLiteStore.swift; Sources/CoreTendApp/RecordView.swift; Sources/Domain/ActivityHistoryGrouping.swift,Tests/PersistenceTests/PersistenceTests.swift; Tests/DomainTests/DomainTests.swift,Documentation/UserGuide.md,Revue du registre 2026-09-27; Tests Persistence vérifient forme JSON typée/horodatée; test Domain vérifie la sélection de lignes correspondant au filtre. Enregistrement de destination et interaction native non qualifiés.,PARTIEL,Engineering
settings.menubar,S,Réglage facultatif pour afficher ou masquer CoreTend dans la barre système.,,,,,À_CONSTRUIRE,Engineering
settings.appsignature,M,Signature de cette copie vérifiée localement dans Réglages; identifiant et équipe affichés si disponibles; résultat ne vaut pas verdict de sûreté.,Sources/CoreTendApp/SettingsView.swift; Sources/Domain/CodeSignatureInspection.swift,Tests/AppShellTests/AppShellTests.swift,Documentation/UserGuide.md,"Revue du registre 2026-09-27; Copy EN/FR couvre validation, indisponibilité et limites; app build réussit. Parcours natif Settings non qualifié.",PARTIEL,Engineering
settings.fulldiskaccess,M,Settings explains user-selected folder access and states that CoreTend does not request Full Disk Access or open Privacy settings; no system-wide access state is inferred.,Sources/AppShell/Destination.swift; Sources/CoreTendApp/SettingsView.swift,Tests/AppShellTests/AppShellTests.swift,Documentation/UserGuide.md,Revue du registre 2026-09-27; AppShell tests assert EN/FR folder selection and no Full Disk Access request or Privacy settings opening; native Settings flow and supported OS behavior remain unqualified.,PARTIEL,Engineering
settings.exclusions,M,Dossiers explicitement choisis persistés comme chemins normalisés uniques; aucun périmètre utilisateur implicite.,Sources/CoreTendApp/SettingsView.swift; Sources/Persistence/SQLiteStore.swift,Tests/PersistenceTests/PersistenceTests.swift; Tests/ScanCoreTests/ScanCoreTests.swift,Documentation/UserGuide.md,Revue du registre 2026-09-27; Store fixture réouvert vérifie exclusions normalisées/uniques; fixture ScanCore vérifie exclusion de racine et sous-arbre. Parcours Settings macOS non qualifié.,PARTIEL,Engineering
settings.clearactivity,M,Effacement après confirmation retire uniquement les événements Historique; préférences/exclusions et mesures Performance sont conservées.,Sources/CoreTendApp/RecordView.swift; Sources/Persistence/SQLiteStore.swift,Tests/PersistenceTests/PersistenceTests.swift,Documentation/UserGuide.md,"Revue du registre 2026-09-27; Fixture vérifie historique vide après clearHistory, exclusions et mesure Performance préservées. Interaction confirmation native non qualifiée.",PARTIEL,Engineering
settings.exportdiagnostic,M,Export diagnostic opt-in montre le JSON exact avant destination choisie et limite le contenu à produit/version/schéma/compteurs/date.,Sources/CoreTendApp/SettingsView.swift; Sources/Persistence/SQLiteStore.swift,Tests/PersistenceTests/PersistenceTests.swift,Documentation/ThreatModel.md,Revue du registre 2026-09-27; Allowlist JSON exacte et marqueurs privés synthétiques absents; aperçu/annulation/export natifs non qualifiés.,PARTIEL,Engineering
l10n.languagepicker,M,Réglage System/Français/English persiste la préférence et applique immédiatement la langue choisie indépendamment de la langue système.,Sources/CoreTendApp/CoreTendApp.swift; Sources/CoreTendApp/SettingsView.swift; Sources/AppShell/Destination.swift,Tests/AppShellTests/AppShellTests.swift; Tests/PersistenceTests/PersistenceTests.swift,Documentation/Accessibility.md,Revue du registre 2026-09-27; Tests couvrent persistance de la préférence et parité des copies EN/FR; changement de langue et navigation en UI native non qualifiés.,PARTIEL,Engineering
migration.legacydata,M,"Import hérité explicitement choisi, limité aux clés reconnues, preview/confirmation, idempotent et copie-seulement; rollback/retry garde la source intacte.",Sources/Persistence/LegacyPreferencesImport.swift; Sources/CoreTendApp/SettingsView.swift,Tests/PersistenceTests/PersistenceTests.swift,Documentation/Project/Migration.md,"Revue du registre 2026-09-27; Fixtures synthétiques vérifient allowlist, source octet-identique, rollback après échec de marqueur puis reprise unique. Parcours file-picker natif non qualifié.",PARTIEL,Engineering
migration.launchwiring,M,"À l’ouverture, le store courant applique migrations SQLite transactionnelles avant lecture; import d’un ancien fichier reste déclenché par le choix explicite de l’utilisateur.",Sources/CoreTendApp/LocalStoreAccess.swift; Sources/Persistence/SQLiteStore.swift,Tests/PersistenceTests/PersistenceTests.swift,Documentation/Project/Migration.md,"Revue du registre 2026-09-27; Fixtures v1-v5 vérifient migration idempotente, rollback collision/retry et préservation des lignes; démarrage natif avec ancienne base non qualifié.",PARTIEL,Engineering
settings.migrationnotice,M,"Réglages donne le résultat de l’import ancien: import, déjà traité, format inconnu ou échec; source reste conservée dans tous les cas.",Sources/CoreTendApp/SettingsView.swift; Sources/Persistence/LegacyPreferencesImport.swift,Tests/PersistenceTests/PersistenceTests.swift,Documentation/Project/Migration.md,"Revue du registre 2026-09-27; Tests fixture couvrent aperçu, import idempotent, format rejeté et rollback; affichage natif des états reste non qualifié.",PARTIEL,Engineering
uninstall.legacydata,M,"Désinstallateur local par défaut en aperçu; retrait des anciennes données MacCare seulement avec --include-legacy explicite, après confirmation et après données actuelles.",Scripts/uninstall_local.sh,Scripts/test_uninstall_local.py; make uninstall-smoke,Documentation/Install.md; Documentation/UserGuide.md,"Revue du registre 2026-09-27; Fixtures HOME temporaires prouvent dry-run sans mutation, retrait actuel sans legacy par défaut, inclusion legacy opt-in et refus de symlink. Aucune donnée utilisateur réelle touchée; procédure GUI/macOS reste non qualifiée.",PARTIEL,Engineering
testing.storeisolation,M,"Un store d’essai ne remplace le store utilisateur que si mode, store, HOME et CFFIXED_USER_HOME concordent; home/store doivent être distincts et sous une racine temporaire réelle sans symlink. Configuration incomplète ou invalide échoue fermé, sans fallback ni création.",Sources/Persistence/TestStoreOverride.swift; Sources/CoreTendApp/LocalStoreAccess.swift,Tests/PersistenceTests/TestStoreOverrideTests.swift; Scripts/audit_safety.py,Documentation/ThreatModel.md,"Revue du registre 2026-09-27; 5 tests fixture vérifient défaut production, paramètres manquants/mal appariés, home/racine temporaires refusés, dossier absent, symlink refusé et migration SQLite sans toucher au chemin par défaut. Smoke du binaire debug avec HOME/CFFIXED_USER_HOME temporaires crée records.sqlite seulement sous CORETEND_TEST_STORE_DIR; profile Release/Finder non qualifié.",PARTIEL,Engineering
quicklook.extended,S,Quick Look ouvre un fichier explicitement choisi parmi les résultats Explore ou Doublons et libère l’accès temporaire à la fermeture.,Sources/CoreTendApp/ExploreScanView.swift; Sources/CoreTendApp/DuplicateScanView.swift,,Documentation/UserGuide.md,,PARTIEL,Engineering
favrec.module,S,"Favoris sont explicites; récents sont désactivés par défaut et plafonnés à 100 chemins/mesures locaux, avec état présent ou absent/inaccessible indicatif.",Sources/Persistence/SQLiteStore.swift; Sources/CoreTendApp/SavedFilesView.swift; Sources/CoreTendApp/ExploreScanView.swift,Tests/PersistenceTests/PersistenceTests.swift,Documentation/UserGuide.md,,EN_COURS,Engineering
NFR-01,M,"Sûreté: `ApprovedFileOperation`/contrat équivalent est seule entrée d’opération; aucun appel suppression permanente. Validation portée, volume/racine et symlink à approbation et exécution. Refus fermé par défaut.",Sources/SafetyCore/SafetyCore.swift,Tests/SafetyCoreTests/SafetyCoreTests.swift,Documentation/ThreatModel.md,"Revue du registre 2026-09-27; Synthetic tests cover approval/execution revalidation, rule/root scope, volume identity, expiry, and symlink target/root refusal. A narrow TOCTOU remains between final path validation and macOS Trash; hostile race stress/native action qualification remain open.",PARTIEL,Engineering
NFR-02,M,"Réversibilité: API Trash seulement. Échec de Trash n’entraîne pas fallback de suppression, copie destructive ou succès. Succès signifie déplacé à Trash, jamais espace récupéré.",Sources/SafetyCore/SafetyCore.swift,Tests/SafetyCoreTests/SafetyCoreTests.swift,Documentation/ThreatModel.md,Revue du registre 2026-09-27; SafetyCoreTests uses temporary source/Trash fixtures: fake Trash failure preserves original and returns typed failure; success means moved into fixture Trash only. Domain failure tests persist proposed/approved/failed events. Native macOS Trash behavior and host-level verification remain open.,PARTIEL,Engineering
NFR-03,M,"Isolation tests: Toute mutation de test vise un sandbox temporaire dédié; adapter Trash fake utilise sa Corbeille fixture. Gate statique/runtime prouve tests ne ciblent pas `$HOME`, vrai Trash ou chemins personnels.",Scripts/audit_safety.py,Tests/SafetyCoreTests/SafetyCoreTests.swift,Documentation/ThreatModel.md,Revue du registre 2026-09-27; All SafetyCore fixtures use unique temporary roots and fake Trash; audit_safety rejects personal-path references and permanent-removal APIs; make qualify install smoke uses mktemp HOME. Broader runtime sandbox audit remains open.,PARTIEL,Engineering
NFR-04,M,"Confidentialité: Pas télémétrie/compte/analytics/cloud. Réseau uniquement vérification de mise à jour initiée par user, si cette fonction reste incluse; aucun téléchargement. Chemins privés absents des logs partageables.",Scripts/audit_safety.py; Sources/CoreTendApp/ApplicationsView.swift,Scripts/audit_safety.py; make safety-audit,Documentation/ThreatModel.md; Documentation/UserGuide.md,"2026-09-27: static source audit finds no standard network client/socket/process launch, known analytics SDK, or external SwiftPM dependency; only user-clicked declared HTTPS link can leave app via system browser. No runtime traffic capture has run.",PARTIEL,Engineering
NFR-05,M,"Données: SQLite/local native ou stockage retenu documenté, données minimales, expiration/effacement défini, transaction/migration avec backup fixture et chemin d’échec. Export diagnostic opt-in, aperçu, redaction.",Sources/Persistence/SQLiteStore.swift; Sources/Persistence/LegacyPreferencesImport.swift; Sources/CoreTendApp/SettingsView.swift; Sources/CoreTendApp/SystemSnapshotView.swift,Tests/PersistenceTests/PersistenceTests.swift,Documentation/Project/DataModel.md; Documentation/UserGuide.md,"2026-09-27: temporary SQLite fixtures cover schema migrations/rollback/retry, backup/restore, retention/clear, diagnostic allowlist/redaction and explicit legacy import; real user store remains untouched.",PARTIEL,Engineering
NFR-06,M,"Robustesse: Erreurs typées par élément, tâches annulables, progression causale, pas de race reportée comme succès, aucun blocage UI pour scan/hash.",Sources/ScanCore/ScanCore.swift; Sources/CoreTendApp/ExploreScanView.swift; Sources/CoreTendApp/CleanupView.swift; Sources/CoreTendApp/DuplicateScanView.swift,Tests/ScanCoreTests/ScanCoreTests.swift,Documentation/UserGuide.md; Documentation/Progress.md,"2026-09-27: fixtures exercise typed partial causes, deterministic cancellation, stale root/keeper, audit failures and SIGINT exit 130. UI nonblocking/progress behavior remains unqualified.",PARTIEL,Engineering
NFR-07,M,"Accessibilité: Clavier, focus, VoiceOver, Dynamic Type/zoom, contraste, Reduce Motion/Transparency, états distingués autrement que par couleur. Automatisation + observation humaine à qualification.",Documentation/Accessibility.md; Documentation/Evidence/SiteAccessibilitySmoke.md; Scripts/check_site.py; Tests/AppShellTests/AppShellTests.swift,Documentation/Accessibility.md (manual macOS protocol); Documentation/Evidence/SiteAccessibilitySmoke.md; Scripts/check_site.py; Tests/AppShellTests/AppShellTests.swift,Documentation/Accessibility.md; Documentation/Progress.md,2026-09-27: app copy parity and site keyboard/landmark/zoom smoke are recorded; macOS keyboard/focus/VoiceOver/Dynamic Type/contrast/reduced-motion observation has not run.,PARTIEL,Engineering
NFR-08,M,Compatibilité: Cible initiale arm64 et macOS 14+; revendication limitée aux OS/architectures effectivement testés. Seconde version macOS/hôte requis pour déclarer matrice complète.,Package.swift; Scripts/check_architecture.py; Scripts/test_app_runtime_isolation.py,Scripts/test_architecture.py; Scripts/test_app_runtime_isolation.py; Documentation/ReleaseEvidence.md,,"2026-09-27: deployment metadata declares macOS 14+ and arm64 Release app runtime smoke passes on current arm64/macOS 27 host. Minimum macOS host, second OS version and second machine are untested.",PARTIEL,Engineering
NFR-09,M,"Performance: Baseline représentative pour startup, scan, UI, CPU/RSS; budgets proposés après mesure, jamais choisis au hasard. Aucune animation continue au repos.",Sources/Domain/SystemSnapshot.swift; Scripts/benchmark_scan.py; Makefile,Tests/DomainTests/DomainTests.swift,Documentation/Progress.md; Documentation/Evidence/PerformanceBaseline.md,"Revue du registre 2026-09-27; make benchmark-scan on arm64/macOS 27.0, release CLI, 10,000-file synthetic fixture: warm median 0.913 s wall, 0.979 s CPU, 74.18 MiB peak RSS; no budget inferred. App window readiness, UI latency/idle, representative corpus, and additional hosts remain unmeasured.",PARTIEL,Engineering
NFR-10,M,"Architecture: Swift 6, SwiftUI natif, SwiftPM, zéro dépendance runtime par défaut; UI séparée des moteurs; SafetyCore en frontière centrale; décisions d’ajout de dépendance documentées.",Package.swift; Sources/ScanCore; Sources/SafetyCore; Scripts/check_architecture.py; Scripts/audit_safety.py,Scripts/test_architecture.py; make architecture-audit,Documentation/Project/Cahier-des-charges.md,"Revue du registre 2026-09-27; Architecture gate reads evaluated SwiftPM graph: Swift tools >=6, macOS >=14, no external SwiftPM packages, ScanCore isolated from SafetyCore/Persistence; existing safety audit enforces the production Trash boundary. Four synthetic contract cases pass. Independent architecture review remains open.",PARTIEL,Engineering: independent architecture review remains unrecorded.
NFR-11,M,"Site: Génération statique, EN/FR, sécurité CSP, navigation clavier, 200 % zoom, reduced motion, sans tracker; contenu utile sans JS si applicable aux pages critiques.",Website/,Scripts/check_site.py; Documentation/Evidence/SiteAccessibilitySmoke.md,Website/_headers; Documentation/Evidence/SiteAccessibilitySmoke.md,"Revue du registre 2026-09-27; Local French homepage audit: Lighthouse accessibility/best practices 100; skip-link keyboard focus visible with 3px outline; 640px CSS viewport proxy shows no horizontal overflow. Reduced-motion rule exists in CSS but was not runtime-emulated; only one route, no deployed-header or cross-browser evidence. SEO 50 reflects intentional noindex plus missing meta description.",PARTIEL,Engineering
NFR-12,M,"Documentation: Exigences tracées jusqu’au code/test/critère; faits mesurés séparés d’hypothèses, dates/sources/owners; les documents générés ont générateur et gate.",Documentation/Traceability.csv; Documentation/Progress.md; Makefile; Scripts/check_traceability.py; Scripts/generate_manifest.py; Scripts/build_site.py,Scripts/check_traceability.py; make qualify,Documentation/Project/Cahier-des-charges.md,"2026-09-27: registry covers 40 FR/NFR and 51 capabilities; gate rejects missing source/test/evidence/owner on every Must, missing IDs and placeholders; manifest/site generators and checks run in qualify. Independent documentation review remains open.",PARTIEL,Engineering
NFR-13,M,Build: Reproductible depuis source et dépendances déclarées; build de release locale à zéro warning accepté; dépendances verrouillées; aucun secret requis pour tests.,Makefile; Package.swift,swift test; swift build -c release --product CoreTendApp; swift build -c release --product CoreTendCLI,README.md; Documentation/Progress.md,2026-09-27: arm64/macOS 27.0; both Release products build from source without emitted warnings; `make qualify` passes XCTest and debug builds. Package.swift declares no external runtime packages and Package.resolved is absent. Repeated clean-build reproducibility and other-host verification remain open.,PARTIEL,Engineering
NFR-14,M,Release: Aucun statut signé/notarisé/publié annoncé sans octets candidats et preuve. La création d’un paquet local n’autorise aucun push/tag/publication.,Documentation/ReleaseEvidence.md; README.md; Scripts/audit_safety.py,Scripts/audit_safety.py; Documentation/ReleaseEvidence.md,Documentation/ReleaseEvidence.md,"2026-09-27: release ledger and README identify only local unsigned artifacts and state reconstruction is unpublished; no candidate is claimed signed, notarized or released. This gate does not inspect remote release state; no publish/tag action taken.",PARTIEL,Engineering
